Workbook

Sheet CORRIDA
A1: CORRIDA DOS CAMPEÕES — GEREMIAS · apuração por VALOR DE VENDA
A2: Período (trimestre): | B2: 01/08/2026 a 30/10/2026
A3: Digite o VALOR vendido (R$) de cada funcionário por grupo no trimestre. A planilha ranqueia e paga automaticamente os 5 primeiros de cada grupo. Valores = EXEMPLO, substitua.
B4: VALOR DE VENDA NO TRIMESTRE (R$) | G4: PRÊMIO (R$)
A5: Funcionário | B5: Forthiben+Herbamed | C5: Botica+Dahuer+Amend | D5: Similar/Gen | E5: Linha Própria | F5: Ntax+Macrophytus | G5: Forthiben+Herbamed | H5: Botica+Dahuer+Amend | I5: Similar/Gen | J5: Linha Própria | K5: Ntax+Macrophytus | L5: TOTAL (R$)
A6: BRUNA MUELER | G6: {=IFERROR(IF(B6<=0,0,IF(RANK(B6,B$6:B$25,0)<=5,INDEX('PRÊMIOS'!$B$3:$B$7,RANK(B6,B$6:B$25,0)),0)),0)} -> 0 | H6: {=IFERROR(IF(C6<=0,0,IF(RANK(C6,C$6:C$25,0)<=5,INDEX('PRÊMIOS'!$C$3:$C$7,RANK(C6,C$6:C$25,0)),0)),0)} -> 0 | I6: {=IFERROR(IF(D6<=0,0,IF(RANK(D6,D$6:D$25,0)<=5,INDEX('PRÊMIOS'!$D$3:$D$7,RANK(D6,D$6:D$25,0)),0)),0)} -> 0 | J6: {=IFERROR(IF(E6<=0,0,IF(RANK(E6,E$6:E$25,0)<=5,INDEX('PRÊMIOS'!$E$3:$E$7,RANK(E6,E$6:E$25,0)),0)),0)} -> 0 | K6: {=IFERROR(IF(F6<=0,0,IF(RANK(F6,F$6:F$25,0)<=5,INDEX('PRÊMIOS'!$F$3:$F$7,RANK(F6,F$6:F$25,0)),0)),0)} -> 0 | L6: =SUM(G6:K6) -> 0
A7: CAMILE BATISTA | G7: {=IFERROR(IF(B7<=0,0,IF(RANK(B7,B$6:B$25,0)<=5,INDEX('PRÊMIOS'!$B$3:$B$7,RANK(B7,B$6:B$25,0)),0)),0)} -> 0 | H7: {=IFERROR(IF(C7<=0,0,IF(RANK(C7,C$6:C$25,0)<=5,INDEX('PRÊMIOS'!$C$3:$C$7,RANK(C7,C$6:C$25,0)),0)),0)} -> 0 | I7: {=IFERROR(IF(D7<=0,0,IF(RANK(D7,D$6:D$25,0)<=5,INDEX('PRÊMIOS'!$D$3:$D$7,RANK(D7,D$6:D$25,0)),0)),0)} -> 0 | J7: {=IFERROR(IF(E7<=0,0,IF(RANK(E7,E$6:E$25,0)<=5,INDEX('PRÊMIOS'!$E$3:$E$7,RANK(E7,E$6:E$25,0)),0)),0)} -> 0 | K7: {=IFERROR(IF(F7<=0,0,IF(RANK(F7,F$6:F$25,0)<=5,INDEX('PRÊMIOS'!$F$3:$F$7,RANK(F7,F$6:F$25,0)),0)),0)} -> 0 | L7: =SUM(G7:K7) -> 0
A8: DAIANE BORGES | G8: {=IFERROR(IF(B8<=0,0,IF(RANK(B8,B$6:B$25,0)<=5,INDEX('PRÊMIOS'!$B$3:$B$7,RANK(B8,B$6:B$25,0)),0)),0)} -> 0 | H8: {=IFERROR(IF(C8<=0,0,IF(RANK(C8,C$6:C$25,0)<=5,INDEX('PRÊMIOS'!$C$3:$C$7,RANK(C8,C$6:C$25,0)),0)),0)} -> 0 | I8: {=IFERROR(IF(D8<=0,0,IF(RANK(D8,D$6:D$25,0)<=5,INDEX('PRÊMIOS'!$D$3:$D$7,RANK(D8,D$6:D$25,0)),0)),0)} -> 0 | J8: {=IFERROR(IF(E8<=0,0,IF(RANK(E8,E$6:E$25,0)<=5,INDEX('PRÊMIOS'!$E$3:$E$7,RANK(E8,E$6:E$25,0)),0)),0)} -> 0 | K8: {=IFERROR(IF(F8<=0,0,IF(RANK(F8,F$6:F$25,0)<=5,INDEX('PRÊMIOS'!$F$3:$F$7,RANK(F8,F$6:F$25,0)),0)),0)} -> 0 | L8: =SUM(G8:K8) -> 0
A9: ELBERT BARAUNA | G9: {=IFERROR(IF(B9<=0,0,IF(RANK(B9,B$6:B$25,0)<=5,INDEX('PRÊMIOS'!$B$3:$B$7,RANK(B9,B$6:B$25,0)),0)),0)} -> 0 | H9: {=IFERROR(IF(C9<=0,0,IF(RANK(C9,C$6:C$25,0)<=5,INDEX('PRÊMIOS'!$C$3:$C$7,RANK(C9,C$6:C$25,0)),0)),0)} -> 0 | I9: {=IFERROR(IF(D9<=0,0,IF(RANK(D9,D$6:D$25,0)<=5,INDEX('PRÊMIOS'!$D$3:$D$7,RANK(D9,D$6:D$25,0)),0)),0)} -> 0 | J9: {=IFERROR(IF(E9<=0,0,IF(RANK(E9,E$6:E$25,0)<=5,INDEX('PRÊMIOS'!$E$3:$E$7,RANK(E9,E$6:E$25,0)),0)),0)} -> 0 | K9: {=IFERROR(IF(F9<=0,0,IF(RANK(F9,F$6:F$25,0)<=5,INDEX('PRÊMIOS'!$F$3:$F$7,RANK(F9,F$6:F$25,0)),0)),0)} -> 0 | L9: =SUM(G9:K9) -> 0
A10: ELIANE WITTI | G10: {=IFERROR(IF(B10<=0,0,IF(RANK(B10,B$6:B$25,0)<=5,INDEX('PRÊMIOS'!$B$3:$B$7,RANK(B10,B$6:B$25,0)),0)),0)} -> 0 | H10: {=IFERROR(IF(C10<=0,0,IF(RANK(C10,C$6:C$25,0)<=5,INDEX('PRÊMIOS'!$C$3:$C$7,RANK(C10,C$6:C$25,0)),0)),0)} -> 0 | I10: {=IFERROR(IF(D10<=0,0,IF(RANK(D10,D$6:D$25,0)<=5,INDEX('PRÊMIOS'!$D$3:$D$7,RANK(D10,D$6:D$25,0)),0)),0)} -> 0 | J10: {=IFERROR(IF(E10<=0,0,IF(RANK(E10,E$6:E$25,0)<=5,INDEX('PRÊMIOS'!$E$3:$E$7,RANK(E10,E$6:E$25,0)),0)),0)} -> 0 | K10: {=IFERROR(IF(F10<=0,0,IF(RANK(F10,F$6:F$25,0)<=5,INDEX('PRÊMIOS'!$F$3:$F$7,RANK(F10,F$6:F$25,0)),0)),0)} -> 0 | L10: =SUM(G10:K10) -> 0
A11: EMANUELE DA SILVA | G11: {=IFERROR(IF(B11<=0,0,IF(RANK(B11,B$6:B$25,0)<=5,INDEX('PRÊMIOS'!$B$3:$B$7,RANK(B11,B$6:B$25,0)),0)),0)} -> 0 | H11: {=IFERROR(IF(C11<=0,0,IF(RANK(C11,C$6:C$25,0)<=5,INDEX('PRÊMIOS'!$C$3:$C$7,RANK(C11,C$6:C$25,0)),0)),0)} -> 0 | I11: {=IFERROR(IF(D11<=0,0,IF(RANK(D11,D$6:D$25,0)<=5,INDEX('PRÊMIOS'!$D$3:$D$7,RANK(D11,D$6:D$25,0)),0)),0)} -> 0 | J11: {=IFERROR(IF(E11<=0,0,IF(RANK(E11,E$6:E$25,0)<=5,INDEX('PRÊMIOS'!$E$3:$E$7,RANK(E11,E$6:E$25,0)),0)),0)} -> 0 | K11: {=IFERROR(IF(F11<=0,0,IF(RANK(F11,F$6:F$25,0)<=5,INDEX('PRÊMIOS'!$F$3:$F$7,RANK(F11,F$6:F$25,0)),0)),0)} -> 0 | L11: =SUM(G11:K11) -> 0
A12: FELIPE ANDRADE | G12: {=IFERROR(IF(B12<=0,0,IF(RANK(B12,B$6:B$25,0)<=5,INDEX('PRÊMIOS'!$B$3:$B$7,RANK(B12,B$6:B$25,0)),0)),0)} -> 0 | H12: {=IFERROR(IF(C12<=0,0,IF(RANK(C12,C$6:C$25,0)<=5,INDEX('PRÊMIOS'!$C$3:$C$7,RANK(C12,C$6:C$25,0)),0)),0)} -> 0 | I12: {=IFERROR(IF(D12<=0,0,IF(RANK(D12,D$6:D$25,0)<=5,INDEX('PRÊMIOS'!$D$3:$D$7,RANK(D12,D$6:D$25,0)),0)),0)} -> 0 | J12: {=IFERROR(IF(E12<=0,0,IF(RANK(E12,E$6:E$25,0)<=5,INDEX('PRÊMIOS'!$E$3:$E$7,RANK(E12,E$6:E$25,0)),0)),0)} -> 0 | K12: {=IFERROR(IF(F12<=0,0,IF(RANK(F12,F$6:F$25,0)<=5,INDEX('PRÊMIOS'!$F$3:$F$7,RANK(F12,F$6:F$25,0)),0)),0)} -> 0 | L12: =SUM(G12:K12) -> 0
A13: FRANCIELE DA ROSA | G13: {=IFERROR(IF(B13<=0,0,IF(RANK(B13,B$6:B$25,0)<=5,INDEX('PRÊMIOS'!$B$3:$B$7,RANK(B13,B$6:B$25,0)),0)),0)} -> 0 | H13: {=IFERROR(IF(C13<=0,0,IF(RANK(C13,C$6:C$25,0)<=5,INDEX('PRÊMIOS'!$C$3:$C$7,RANK(C13,C$6:C$25,0)),0)),0)} -> 0 | I13: {=IFERROR(IF(D13<=0,0,IF(RANK(D13,D$6:D$25,0)<=5,INDEX('PRÊMIOS'!$D$3:$D$7,RANK(D13,D$6:D$25,0)),0)),0)} -> 0 | J13: {=IFERROR(IF(E13<=0,0,IF(RANK(E13,E$6:E$25,0)<=5,INDEX('PRÊMIOS'!$E$3:$E$7,RANK(E13,E$6:E$25,0)),0)),0)} -> 0 | K13: {=IFERROR(IF(F13<=0,0,IF(RANK(F13,F$6:F$25,0)<=5,INDEX('PRÊMIOS'!$F$3:$F$7,RANK(F13,F$6:F$25,0)),0)),0)} -> 0 | L13: =SUM(G13:K13) -> 0
A14: GABRIELE BEE | G14: {=IFERROR(IF(B14<=0,0,IF(RANK(B14,B$6:B$25,0)<=5,INDEX('PRÊMIOS'!$B$3:$B$7,RANK(B14,B$6:B$25,0)),0)),0)} -> 0 | H14: {=IFERROR(IF(C14<=0,0,IF(RANK(C14,C$6:C$25,0)<=5,INDEX('PRÊMIOS'!$C$3:$C$7,RANK(C14,C$6:C$25,0)),0)),0)} -> 0 | I14: {=IFERROR(IF(D14<=0,0,IF(RANK(D14,D$6:D$25,0)<=5,INDEX('PRÊMIOS'!$D$3:$D$7,RANK(D14,D$6:D$25,0)),0)),0)} -> 0 | J14: {=IFERROR(IF(E14<=0,0,IF(RANK(E14,E$6:E$25,0)<=5,INDEX('PRÊMIOS'!$E$3:$E$7,RANK(E14,E$6:E$25,0)),0)),0)} -> 0 | K14: {=IFERROR(IF(F14<=0,0,IF(RANK(F14,F$6:F$25,0)<=5,INDEX('PRÊMIOS'!$F$3:$F$7,RANK(F14,F$6:F$25,0)),0)),0)} -> 0 | L14: =SUM(G14:K14) -> 0
A15: GERUSA DA COSTA | G15: {=IFERROR(IF(B15<=0,0,IF(RANK(B15,B$6:B$25,0)<=5,INDEX('PRÊMIOS'!$B$3:$B$7,RANK(B15,B$6:B$25,0)),0)),0)} -> 0 | H15: {=IFERROR(IF(C15<=0,0,IF(RANK(C15,C$6:C$25,0)<=5,INDEX('PRÊMIOS'!$C$3:$C$7,RANK(C15,C$6:C$25,0)),0)),0)} -> 0 | I15: {=IFERROR(IF(D15<=0,0,IF(RANK(D15,D$6:D$25,0)<=5,INDEX('PRÊMIOS'!$D$3:$D$7,RANK(D15,D$6:D$25,0)),0)),0)} -> 0 | J15: {=IFERROR(IF(E15<=0,0,IF(RANK(E15,E$6:E$25,0)<=5,INDEX('PRÊMIOS'!$E$3:$E$7,RANK(E15,E$6:E$25,0)),0)),0)} -> 0 | K15: {=IFERROR(IF(F15<=0,0,IF(RANK(F15,F$6:F$25,0)<=5,INDEX('PRÊMIOS'!$F$3:$F$7,RANK(F15,F$6:F$25,0)),0)),0)} -> 0 | L15: =SUM(G15:K15) -> 0
A16: GIULIO POMPEO | G16: {=IFERROR(IF(B16<=0,0,IF(RANK(B16,B$6:B$25,0)<=5,INDEX('PRÊMIOS'!$B$3:$B$7,RANK(B16,B$6:B$25,0)),0)),0)} -> 0 | H16: {=IFERROR(IF(C16<=0,0,IF(RANK(C16,C$6:C$25,0)<=5,INDEX('PRÊMIOS'!$C$3:$C$7,RANK(C16,C$6:C$25,0)),0)),0)} -> 0 | I16: {=IFERROR(IF(D16<=0,0,IF(RANK(D16,D$6:D$25,0)<=5,INDEX('PRÊMIOS'!$D$3:$D$7,RANK(D16,D$6:D$25,0)),0)),0)} -> 0 | J16: {=IFERROR(IF(E16<=0,0,IF(RANK(E16,E$6:E$25,0)<=5,INDEX('PRÊMIOS'!$E$3:$E$7,RANK(E16,E$6:E$25,0)),0)),0)} -> 0 | K16: {=IFERROR(IF(F16<=0,0,IF(RANK(F16,F$6:F$25,0)<=5,INDEX('PRÊMIOS'!$F$3:$F$7,RANK(F16,F$6:F$25,0)),0)),0)} -> 0 | L16: =SUM(G16:K16) -> 0
A17: JESSICA PIOVESAN | G17: {=IFERROR(IF(B17<=0,0,IF(RANK(B17,B$6:B$25,0)<=5,INDEX('PRÊMIOS'!$B$3:$B$7,RANK(B17,B$6:B$25,0)),0)),0)} -> 0 | H17: {=IFERROR(IF(C17<=0,0,IF(RANK(C17,C$6:C$25,0)<=5,INDEX('PRÊMIOS'!$C$3:$C$7,RANK(C17,C$6:C$25,0)),0)),0)} -> 0 | I17: {=IFERROR(IF(D17<=0,0,IF(RANK(D17,D$6:D$25,0)<=5,INDEX('PRÊMIOS'!$D$3:$D$7,RANK(D17,D$6:D$25,0)),0)),0)} -> 0 | J17: {=IFERROR(IF(E17<=0,0,IF(RANK(E17,E$6:E$25,0)<=5,INDEX('PRÊMIOS'!$E$3:$E$7,RANK(E17,E$6:E$25,0)),0)),0)} -> 0 | K17: {=IFERROR(IF(F17<=0,0,IF(RANK(F17,F$6:F$25,0)<=5,INDEX('PRÊMIOS'!$F$3:$F$7,RANK(F17,F$6:F$25,0)),0)),0)} -> 0 | L17: =SUM(G17:K17) -> 0
... A26: VANESSA TONETTA | G26: {=IFERROR(IF(B26<=0,0,IF(RANK(B26,B$6:B$25,0)<=5,INDEX('PRÊMIOS'!$B$3:$B$7,RANK(B26,B$6:B$25,0)),0)),0)} -> 0 | H26: {=IFERROR(IF(C26<=0,0,IF(RANK(C26,C$6:C$25,0)<=5,INDEX('PRÊMIOS'!$C$3:$C$7,RANK(C26,C$6:C$25,0)),0)),0)} -> 0 | I26: {=IFERROR(IF(D26<=0,0,IF(RANK(D26,D$6:D$25,0)<=5,INDEX('PRÊMIOS'!$D$3:$D$7,RANK(D26,D$6:D$25,0)),0)),0)} -> 0 | J26: {=IFERROR(IF(E26<=0,0,IF(RANK(E26,E$6:E$25,0)<=5,INDEX('PRÊMIOS'!$E$3:$E$7,RANK(E26,E$6:E$25,0)),0)),0)} -> 0 | K26: {=IFERROR(IF(F26<=0,0,IF(RANK(F26,F$6:F$25,0)<=5,INDEX('PRÊMIOS'!$F$3:$F$7,RANK(F26,F$6:F$25,0)),0)),0)} -> 0 | L26: =SUM(G26:K26) -> 0
A27: TOTAL GERAL | G27: =SUM(G6:G26) -> 0 | H27: =SUM(H6:H26) -> 0 | I27: =SUM(I6:I26) -> 0 | J27: =SUM(J6:J26) -> 0 | K27: =SUM(K6:K26) -> 0 | L27: =SUM(L6:L26) -> 0

Sheet PRÊMIOS
A1: PRÊMIOS DA CORRIDA — edite os valores por grupo (azul)
A2: Colocação | B2: Forthiben / Ativesse + Herbamed | C2: Botica + Amend + Dahuer | D2: Similar + Genérico | E2: Linha Própria Geremias | F2: Nutra X + Macrophytus
A3: 1º | B3: 350 | C3: 350 | D3: 400 | E3: 400 | F3: 350
A4: 2º | B4: 250 | C4: 250 | D4: 250 | E4: 250 | F4: 250
A5: 3º | B5: 200 | C5: 200 | D5: 175 | E5: 175 | F5: 175
A6: 4º | B6: 150 | C6: 150 | D6: 150 | E6: 125 | F6: 150
A7: 5º | B7: 100 | C7: 100 | D7: 100 | E7: 100 | F7: 100
A9: Prêmio total do grupo | B9: =SUM(B3:B7) -> 1050 | C9: =SUM(C3:C7) -> 1050 | D9: =SUM(D3:D7) -> 1075 | E9: =SUM(E3:E7) -> 1050 | F9: =SUM(F3:F7) -> 1025

Sheet COMO USAR
A1: COMO USAR — CORRIDA DOS CAMPEÕES
A3: 1. | B3: É trimestral e vale para a rede toda (todas as filiais competindo juntas). Liste na aba CORRIDA todos os funcionários que participam, um por linha.
A4: 2. | B4: Para cada funcionário, digite o VALOR de venda (R$) no trimestre em cada grupo de produtos (células amarelas). Deixe em branco ou zero quem não vendeu naquele grupo.
A5: 3. | B5: A planilha ranqueia sozinha e paga automaticamente os 5 primeiros de cada grupo. A coluna TOTAL soma quanto cada funcionário levou; TOTAL GERAL é o custo do trimestre.
A6: 4. | B6: Os valores dos prêmios de cada colocação (1º a 5º) ficam na aba PRÊMIOS e variam por grupo — edite ali. Os grupos e os prêmios do print já vêm preenchidos; confira se batem.
A7: 5. | B7: Empates: se dois funcionários empatam no mesmo valor, ambos recebem a mesma colocação e a seguinte é pulada. Em caso de empate na zona de prêmio, defina o desempate manualmente.
A8: 6. | B8: Esta planilha é separada da comissão mensal 360 de propósito: cadência, regras e premiação são diferentes.
